<?xml version="1.0" encoding="utf-8" standalone="yes"?><rss version="2.0" xmlns:atom="http://www.w3.org/2005/Atom"><channel><title>thoughts on Yilin Miao</title><link>https://miaoyl.work/categories/thoughts/</link><description>Recent content in thoughts on Yilin Miao</description><generator>Hugo -- gohugo.io</generator><language>en</language><lastBuildDate>Thu, 26 Sep 2019 20:37:00 +0800</lastBuildDate><atom:link href="https://miaoyl.work/categories/thoughts/index.xml" rel="self" type="application/rss+xml"/><item><title>囚徒博弈——我们都在努力过上坏日子</title><link>https://miaoyl.work/post/involution/</link><pubDate>Thu, 26 Sep 2019 20:37:00 +0800</pubDate><guid>https://miaoyl.work/post/involution/</guid><description>&lt;p>这是我上学期通选课所提交的某一次论文。今天想起来就贴上来。当时看到题目不由写多了一些。原名叫“优化至死”-现代科技导致的时代博弈。主要受一篇Medium文章的启发。这个作者对这种类似内卷的现象考虑的很透彻。&lt;/p></description></item></channel></rss>