<?xml version="1.0" encoding="utf-8" standalone="yes"?><rss version="2.0" xmlns:atom="http://www.w3.org/2005/Atom"><channel><title>tech on Yilin Miao</title><link>https://miaoyl.work/categories/tech/</link><description>Recent content in tech on Yilin Miao</description><generator>Hugo -- gohugo.io</generator><language>en</language><lastBuildDate>Mon, 16 Sep 2019 15:29:00 +0800</lastBuildDate><atom:link href="https://miaoyl.work/categories/tech/index.xml" rel="self" type="application/rss+xml"/><item><title>Git常用命令</title><link>https://miaoyl.work/post/git-commands/</link><pubDate>Mon, 16 Sep 2019 15:29:00 +0800</pubDate><guid>https://miaoyl.work/post/git-commands/</guid><description/></item></channel></rss>