<?xml version="1.0" encoding="utf-8" standalone="yes"?><rss version="2.0" xmlns:atom="http://www.w3.org/2005/Atom"><channel><title>other on Yilin Miao</title><link>https://miaoyl.work/categories/other/</link><description>Recent content in other on Yilin Miao</description><generator>Hugo -- gohugo.io</generator><language>en</language><lastBuildDate>Thu, 13 Feb 2020 22:22:00 +0800</lastBuildDate><atom:link href="https://miaoyl.work/categories/other/index.xml" rel="self" type="application/rss+xml"/><item><title>永久记录 - 斯诺登</title><link>https://miaoyl.work/post/permanent-record/</link><pubDate>Thu, 13 Feb 2020 22:22:00 +0800</pubDate><guid>https://miaoyl.work/post/permanent-record/</guid><description>&lt;p>普通的中文读者和翻译员团结起来,帮助爱德华斯诺登&lt;a href="https://twitter.com/Snowden">@Snowden&lt;/a>从他的第一本书&lt;em>永久记录&lt;/em>的大陆版中恢复了被审查删除的内容.现在,我们将其免费提供给全世界.请下载并在任何地方共享.&lt;a href="http://a.temporaryrecord.com">http://a.temporaryrecord.com&lt;/a>&lt;/p></description></item><item><title>波洛涅斯的劝诫</title><link>https://miaoyl.work/post/polonius/</link><pubDate>Sat, 05 Oct 2019 21:41:00 +0800</pubDate><guid>https://miaoyl.work/post/polonius/</guid><description>&lt;p>哈姆雷特里的雷欧提斯(Laertes)去法国之前，他老爹波洛涅斯(Polonius)给他的人生劝诫:&lt;/p></description></item><item><title>又建博客了</title><link>https://miaoyl.work/post/first/</link><pubDate>Wed, 14 Aug 2019 21:14:00 +0800</pubDate><guid>https://miaoyl.work/post/first/</guid><description>&lt;p>上次开博客是5年前，这次光域名就直接买了十年，算是个LTS版本？🤣&lt;/p></description></item></channel></rss>