<?xml version="1.0" encoding="utf-8" standalone="yes"?><rss version="2.0" xmlns:atom="http://www.w3.org/2005/Atom"><channel><title>Categories on Yilin Miao</title><link>https://miaoyl.work/categories/</link><description>Recent content in Categories on Yilin Miao</description><generator>Hugo -- gohugo.io</generator><language>en</language><lastBuildDate>Thu, 13 Feb 2020 22:22:00 +0800</lastBuildDate><atom:link href="https://miaoyl.work/categories/index.xml" rel="self" type="application/rss+xml"/><item><title>other</title><link>https://miaoyl.work/categories/other/</link><pubDate>Thu, 13 Feb 2020 22:22:00 +0800</pubDate><guid>https://miaoyl.work/categories/other/</guid><description/></item><item><title>thoughts</title><link>https://miaoyl.work/categories/thoughts/</link><pubDate>Thu, 26 Sep 2019 20:37:00 +0800</pubDate><guid>https://miaoyl.work/categories/thoughts/</guid><description/></item><item><title>tech</title><link>https://miaoyl.work/categories/tech/</link><pubDate>Mon, 16 Sep 2019 15:29:00 +0800</pubDate><guid>https://miaoyl.work/categories/tech/</guid><description/></item></channel></rss>